Track,Sex,Age,Fee,Passed
3,female,,8.5,1
2,female,43.0,104.52,0
1,female,39.0,134.62,0
1,female,54.0,40.01,1
3,male,43.0,14.9,0
3,male,,14.36,0
3,male,24.0,14.22,0
3,female,31.0,9.74,1
3,female,37.0,29.29,0
3,female,,16.48,0
3,male,34.0,25.38,1
1,female,35.0,135.82,1
3,female,40.0,39.95,0
1,female,29.0,42.12,1
3,male,26.0,47.91,1
1,female,20.0,196.83,1
3,female,,26.75,0
3,female,,66.14,0
2,male,29.0,62.94,1
2,male,39.0,85.67,1
1,female,14.0,72.15,1
1,male,10.0,184.03,1
3,male,17.0,21.84,1
3,male,44.0,16.03,1
3,female,43.0,57.89,0
2,female,34.0,48.78,1
3,female,20.0,20.17,0
3,male,28.0,18.2,1
3,female,26.0,13.77,0
3,female,26.0,26.2,1
3,female,10.0,29.06,0
2,male,20.0,67.82,1
1,male,28.0,32.06,1
3,female,,33.25,1
3,male,32.0,16.86,0
2,male,47.0,30.92,1
2,female,25.0,76.81,1
3,male,27.0,26.61,1
3,female,10.0,11.92,1
2,female,36.0,195.57,1
3,male,37.0,10.97,1
2,female,51.0,23.88,0
3,male,24.0,11.28,1
2,male,31.0,115.6,1
2,female,22.0,52.03,1
3,female,,16.68,1
1,female,21.0,101.17,1
3,male,26.0,14.9,0
1,male,46.0,73.91,1
3,female,30.0,14.58,0
3,male,21.0,28.62,0
1,male,,173.84,1
3,female,33.0,11.85,1
1,male,22.0,117.63,1
2,female,44.0,84.25,1
1,female,10.0,60.77,1
2,male,27.0,44.19,0
3,male,38.0,11.95,0
1,female,,54.73,1
1,male,34.0,109.82,1
2,female,46.0,39.32,0
1,female,35.0,143.09,1
1,male,10.0,102.84,1
3,male,21.0,24.69,0
2,male,45.0,49.09,1
3,female,34.0,14.62,1
1,female,30.0,99.74,1
3,male,35.0,20.04,1
2,female,,39.92,1
1,male,21.0,129.18,0
3,female,,29.17,0
3,female,,21.74,0
2,male,23.0,133.82,1
3,female,28.0,14.64,0
2,male,,73.7,1
2,female,18.0,46.31,0
3,female,53.0,22.59,0
3,male,53.0,13.26,1
3,female,,35.08,1
2,female,,62.04,0
3,male,34.0,36.46,0
2,male,21.0,30.16,0
3,male,,15.69,0
3,female,,12.85,0
2,male,39.0,43.54,1
3,female,24.0,14.21,1
3,female,52.0,18.91,0
3,female,33.0,19.91,1
1,female,,102.25,1
3,female,47.0,15.21,0
3,male,,22.06,0
3,male,34.0,31.12,0
1,female,26.0,66.47,1
3,male,52.0,20.09,1
3,male,40.0,19.36,0
3,female,,25.39,0
1,female,,101.09,1
3,male,,19.93,0
3,female,16.0,12.24,0
3,female,10.0,20.3,1
2,female,,35.83,1
1,female,,135.07,0
3,male,45.0,19.08,0
3,male,33.0,20.49,1
2,male,40.0,36.38,0
3,female,15.0,30.02,1
2,female,30.0,80.31,0
3,female,31.0,30.9,1
1,female,40.0,317.86,1
3,male,,19.56,0
3,male,40.0,36.66,0
1,male,24.0,98.1,0
3,male,34.0,24.46,1
1,female,35.0,125.28,0
3,male,,22.93,1
3,female,32.0,27.91,1
3,male,26.0,17.25,0
1,male,10.0,106.53,1
3,male,42.0,26.25,1
1,male,26.0,250.1,1
2,female,,37.28,1
2,female,25.0,23.03,0
3,male,32.0,15.77,1
3,female,48.0,21.01,0
2,female,,62.0,1
1,male,36.0,109.29,1
3,female,46.0,36.28,0
1,male,36.0,170.02,1
1,male,43.0,101.83,1
2,male,24.0,44.92,1
3,female,39.0,16.89,0
3,male,29.0,16.81,0
3,male,43.0,17.94,1
3,female,18.0,9.15,0
2,male,21.0,45.11,1
2,male,45.0,45.94,1
3,female,28.0,18.28,1
3,female,,17.69,1
3,female,31.0,28.11,1
2,male,,43.54,0
3,female,,16.13,1
3,male,,26.34,0
3,male,28.0,17.86,0
1,male,34.0,116.3,0
2,female,,79.39,1
3,male,20.0,24.8,1
1,female,20.0,118.27,1
3,female,35.0,18.21,0
2,male,18.0,79.89,0
3,female,38.0,21.93,0
1,male,12.0,81.08,1
2,female,23.0,52.68,1
1,male,30.0,56.76,1
3,male,15.0,12.42,1
2,male,38.0,22.16,1
3,male,30.0,14.3,0
3,female,18.0,39.16,1
1,female,12.0,79.02,1
3,female,11.0,29.78,1
1,male,,104.19,1
2,female,,40.02,1
2,male,14.0,110.93,0
2,male,27.0,76.01,0
3,male,,8.37,0
3,male,,33.81,0
2,female,39.0,33.19,1
2,male,33.0,51.98,0
3,male,39.0,28.05,0
3,male,14.0,17.29,1
3,female,25.0,35.14,1
2,male,33.0,83.13,0
3,female,30.0,9.13,0
2,female,28.0,44.86,0
1,male,22.0,120.18,1
3,male,27.0,15.07,1
3,male,,18.03,1
3,female,10.0,29.96,1
3,female,,23.53,1
3,male,36.0,12.68,0
3,female,49.0,21.92,0
3,female,,14.79,0
1,female,31.0,56.84,1
1,female,,59.32,1
3,female,41.0,23.18,1
3,female,22.0,19.81,0
1,female,,104.65,1
2,male,30.0,32.03,1
3,female,10.0,18.32,1
3,female,26.0,11.96,1
3,female,37.0,12.64,0
1,male,13.0,96.1,1
3,male,30.0,10.06,1
3,female,,28.07,1
1,female,34.0,361.9,0
3,female,,25.26,1
3,male,41.0,11.92,0
1,female,51.0,91.13,0
3,male,32.0,9.23,0
3,female,45.0,16.63,1
3,male,,25.88,0
2,female,23.0,76.28,0
1,male,34.0,62.31,1
3,male,23.0,23.33,0
1,female,23.0,186.07,1
3,female,23.0,48.31,0
3,male,10.0,14.15,1
3,male,31.0,13.04,1
1,male,15.0,107.25,1
2,female,29.0,13.14,1
3,male,47.0,15.4,0
1,female,24.0,91.14,1
2,female,23.0,45.15,1
1,female,46.0,47.28,1
3,male,37.0,17.76,1
1,male,42.0,70.78,1
2,female,26.0,82.97,0
3,male,39.0,12.69,0
2,male,,49.33,0
3,female,22.0,17.88,0
3,female,37.0,26.68,1
3,female,23.0,5.62,0
1,female,39.0,88.02,1
1,female,59.0,152.59,1
1,female,10.0,87.1,1
3,female,,9.36,0
3,female,,23.65,0
2,female,28.0,67.23,1
1,female,44.0,91.17,1
3,female,18.0,11.25,1
2,female,34.0,39.23,1
3,male,28.0,17.17,0
2,female,32.0,36.67,1
3,male,34.0,7.69,1
3,female,15.0,13.67,1
1,male,17.0,101.19,1
3,female,47.0,15.59,0
1,male,,100.5,0
3,female,31.0,20.94,0
2,male,29.0,88.94,1
3,male,34.0,60.46,0
1,male,16.0,150.48,1
3,female,18.0,9.95,1
3,female,46.0,5.32,1
2,male,32.0,54.19,1
3,male,,20.82,1
3,female,23.0,11.24,1
3,male,47.0,23.01,0
3,male,34.0,13.69,0
1,male,36.0,127.65,0
3,female,37.0,17.07,1
2,female,20.0,69.3,1
2,female,10.0,23.76,1
3,male,,16.13,1
3,female,,18.65,1
2,male,46.0,27.86,1
2,female,26.0,145.6,1
3,female,26.0,15.33,1
1,male,,209.12,1
3,male,,14.41,1
3,female,14.0,17.9,1
3,male,45.0,36.3,1
2,male,36.0,66.13,1
3,male,10.0,22.11,1
1,female,26.0,119.21,1
2,female,,28.69,1
2,female,36.0,46.76,1
3,male,32.0,12.45,0
1,female,22.0,115.19,1
2,female,,43.28,1
1,female,34.0,102.09,1
3,female,27.0,19.32,0
3,female,,19.72,1
1,female,,102.57,1
3,male,,14.5,0
3,female,26.0,11.86,1
3,male,10.0,14.41,1
3,male,36.0,34.32,0
2,male,40.0,68.5,1
3,female,,26.94,1
3,female,41.0,40.04,1
3,female,35.0,11.14,0
3,female,,25.92,1
3,male,36.0,11.73,1
2,male,27.0,48.07,0
3,male,44.0,25.59,1
3,female,26.0,45.02,0
2,male,12.0,38.42,1
3,female,40.0,19.16,0
3,male,52.0,35.81,1
1,female,18.0,49.55,1
2,male,29.0,68.09,1
1,female,22.0,89.46,1
2,female,25.0,36.56,1
2,male,,61.13,1
2,female,15.0,76.49,1
3,male,27.0,12.73,0
1,female,12.0,126.21,1
3,male,23.0,21.9,0
3,male,16.0,10.8,0
3,male,,43.67,1
